<?xml version="1.0" encoding="UTF-8"?>
<project-private xmlns="http://www.netbeans.org/ns/project-private/1">
    <editor-bookmarks xmlns="http://www.netbeans.org/ns/editor-bookmarks/2" lastBookmarkId="0"/>
    <open-files xmlns="http://www.netbeans.org/ns/projectui-open-files/2">
        <group>
            <file>file:/D:/matkulPboPakKrismikaSms2/TUGAS/tugas/latihan2/src/latihan2/manusia/Manusia.java</file>
            <file>file:/D:/matkulPboPakKrismikaSms2/TUGAS/tugas/latihan2/src/latihan2/Main.java</file>
        </group>
    </open-files>
</project-private>
